Order_ID,Customer_ID,Gender,Age,City,Category,Purchase_Amount,Order_Date
O0001,C0001,Male,49,Chennai,Beauty,3245,2025-04-02
O0002,C0002,Female,27,Kolkata,Groceries,1061,2025-02-03
O0003,C0003,Male,45,Hyderabad,Home Decor,2255,2025-07-01
O0004,C0004,Female,36,Bangalore,Groceries,1339,2025-06-25
O0005,C0005,Male,43,Ahmedabad,Beauty,3610,2025-05-08
O0006,C0006,Male,57,Chennai,Electronics,11362,2025-01-29
O0007,C0007,Male,22,Chennai,Electronics,9775,2025-05-07
O0008,C0008,Male,28,Hyderabad,Home Decor,7498,2025-12-11
O0009,C0009,Female,44,Hyderabad,Home Decor,6474,2025-08-21
O0010,C0010,Male,27,Pune,Groceries,1329,2025-06-15
O0011,C0011,Male,57,Kolkata,Home Decor,10687,2025-07-07
O0012,C0012,Male,22,Chennai,Fashion,4972,2025-10-02
O0013,C0013,Male,50,Delhi,Home Decor,10746,2025-09-08
O0014,C0014,Female,26,Ahmedabad,Beauty,1424,2025-05-21
O0015,C0015,Male,21,Mumbai,Fashion,5662,2025-03-12
O0016,C0016,Female,50,Mumbai,Electronics,24603,2025-09-05
O0017,C0017,Female,42,Bangalore,Home Decor,11623,2025-07-25
O0018,C0018,Female,52,Chennai,Groceries,946,2025-03-11
O0019,C0019,Male,59,Mumbai,Beauty,2490,2025-10-25
O0020,C0020,Female,27,Chennai,Home Decor,11148,2025-05-14
O0021,C0021,Male,45,Ahmedabad,Home Decor,6507,2025-07-16
O0022,C0022,Female,33,Ahmedabad,Fashion,4499,2025-11-04
O0023,C0023,Female,18,Mumbai,Electronics,16092,2025-03-19
O0024,C0024,Male,39,Pune,Beauty,1226,2025-02-25
O0025,C0025,Male,52,Ahmedabad,Beauty,3190,2025-02-12
O0026,C0026,Female,50,Chennai,Beauty,1157,2025-07-13
O0027,C0027,Female,20,Hyderabad,Electronics,12322,2025-06-26
O0028,C0028,Male,48,Pune,Groceries,2585,2025-12-18
O0029,C0029,Male,33,Pune,Beauty,3242,2025-10-04
O0030,C0030,Male,55,Ahmedabad,Electronics,14563,2025-12-10
O0031,C0031,Female,29,Chennai,Beauty,1999,2025-11-19
O0032,C0032,Female,56,Hyderabad,Beauty,1072,2025-10-10
O0033,C0033,Female,22,Mumbai,Groceries,2907,2025-10-09
O0034,C0034,Male,32,Bangalore,Beauty,2704,2025-03-17
O0035,C0035,Female,30,Pune,Beauty,616,2025-02-14
O0036,C0036,Male,23,Mumbai,Electronics,13650,2025-04-16
O0037,C0037,Male,49,Pune,Fashion,7409,2025-04-08
O0038,C0038,Male,26,Pune,Groceries,1054,2025-06-25
O0039,C0039,Female,34,Ahmedabad,Home Decor,6721,2025-05-12
O0040,C0040,Female,54,Mumbai,Groceries,2183,2025-09-14
O0041,C0041,Female,24,Ahmedabad,Beauty,1704,2025-08-22
O0042,C0042,Female,21,Chennai,Electronics,10213,2025-04-15
O0043,C0043,Male,42,Bangalore,Beauty,2522,2025-12-15
O0044,C0044,Female,21,Ahmedabad,Groceries,2049,2025-08-18
O0045,C0045,Female,58,Delhi,Beauty,4236,2025-09-22
O0046,C0046,Male,35,Mumbai,Groceries,3530,2025-07-25
O0047,C0047,Male,53,Ahmedabad,Fashion,3641,2025-12-24
O0048,C0048,Female,51,Chennai,Electronics,19310,2025-09-24
O0049,C0049,Male,47,Ahmedabad,Home Decor,3602,2025-03-30
O0050,C0050,Male,21,Hyderabad,Home Decor,9038,2025-11-17
O0051,C0051,Male,55,Kolkata,Groceries,1892,2025-11-21
O0052,C0052,Female,54,Chennai,Groceries,823,2025-08-25
O0053,C0053,Male,38,Pune,Beauty,1023,2025-06-11
O0054,C0054,Male,56,Bangalore,Groceries,2191,2025-02-12
O0055,C0055,Male,54,Hyderabad,Fashion,6515,2025-09-11
O0056,C0056,Male,56,Ahmedabad,Groceries,1969,2025-10-28
O0057,C0057,Female,45,Pune,Electronics,15177,2025-07-27
O0058,C0058,Male,28,Delhi,Groceries,3765,2025-12-23
O0059,C0059,Female,43,Kolkata,Fashion,6968,2025-06-05
O0060,C0060,Male,20,Mumbai,Home Decor,9885,2025-09-23
O0061,C0061,Female,48,Mumbai,Home Decor,3315,2025-04-29
O0062,C0062,Female,57,Delhi,Beauty,3849,2025-11-15
O0063,C0063,Male,41,Ahmedabad,Fashion,7465,2025-09-01
O0064,C0064,Male,18,Mumbai,Beauty,3377,2025-11-20
O0065,C0065,Female,32,Chennai,Fashion,5463,2025-10-30
O0066,C0066,Male,36,Hyderabad,Groceries,1657,2025-04-23
O0067,C0067,Male,60,Pune,Electronics,26340,2025-02-06
O0068,C0068,Female,48,Kolkata,Fashion,4173,2025-01-30
O0069,C0069,Male,52,Pune,Electronics,21322,2025-03-02
O0070,C0070,Female,43,Kolkata,Home Decor,7868,2025-09-15
O0071,C0071,Female,24,Mumbai,Electronics,9977,2025-06-19
O0072,C0072,Male,51,Delhi,Beauty,4299,2025-07-29
O0073,C0073,Female,30,Delhi,Home Decor,5951,2025-06-13
O0074,C0074,Female,35,Mumbai,Home Decor,4857,2025-01-07
O0075,C0075,Male,36,Hyderabad,Fashion,4776,2025-03-18
O0076,C0076,Female,36,Kolkata,Home Decor,2573,2025-12-21
O0077,C0077,Male,29,Pune,Home Decor,11642,2025-10-09
O0078,C0078,Female,50,Mumbai,Electronics,24543,2025-02-19
O0079,C0079,Male,52,Delhi,Electronics,25268,2025-06-09
O0080,C0080,Female,32,Bangalore,Beauty,878,2025-03-28
O0081,C0081,Female,29,Pune,Home Decor,2986,2025-05-17
O0082,C0082,Female,41,Ahmedabad,Electronics,18875,2025-12-13
O0083,C0083,Male,34,Mumbai,Beauty,2606,2025-10-17
O0084,C0084,Male,35,Chennai,Beauty,4913,2025-04-24
O0085,C0085,Male,34,Delhi,Electronics,8932,2025-10-13
O0086,C0086,Male,33,Chennai,Beauty,1686,2025-10-30
O0087,C0087,Female,39,Kolkata,Home Decor,6221,2025-12-16
O0088,C0088,Male,24,Mumbai,Fashion,5069,2025-05-22
O0089,C0089,Female,46,Chennai,Home Decor,2953,2025-11-17
O0090,C0090,Female,60,Kolkata,Groceries,506,2025-01-23
O0091,C0091,Female,40,Pune,Groceries,2646,2025-06-01
O0092,C0092,Male,57,Delhi,Electronics,11576,2025-11-27
O0093,C0093,Female,51,Mumbai,Beauty,1396,2025-06-16
O0094,C0094,Male,51,Mumbai,Beauty,1715,2025-05-21
O0095,C0095,Female,23,Delhi,Electronics,20506,2025-12-25
O0096,C0096,Female,36,Ahmedabad,Electronics,20221,2025-07-18
O0097,C0097,Male,52,Hyderabad,Electronics,13565,2025-08-13
O0098,C0098,Male,33,Kolkata,Electronics,22897,2025-09-03
O0099,C0099,Male,52,Kolkata,Fashion,2222,2025-09-12
O0100,C0100,Female,34,Delhi,Home Decor,2215,2025-06-30
O0101,C0101,Female,47,Kolkata,Home Decor,4819,2025-09-18
O0102,C0102,Male,30,Chennai,Groceries,3367,2025-01-20
O0103,C0103,Male,32,Bangalore,Fashion,7757,2025-12-18
O0104,C0104,Male,33,Pune,Fashion,6621,2025-06-03
O0105,C0105,Female,27,Ahmedabad,Groceries,1404,2025-08-11
O0106,C0106,Female,34,Ahmedabad,Electronics,10664,2025-02-18
O0107,C0107,Male,39,Bangalore,Fashion,6332,2025-04-03
O0108,C0108,Male,20,Hyderabad,Groceries,912,2025-08-02
O0109,C0109,Male,39,Pune,Fashion,7375,2025-07-29
O0110,C0110,Female,29,Ahmedabad,Fashion,3143,2025-11-26
O0111,C0111,Female,60,Bangalore,Electronics,23339,2025-08-04
O0112,C0112,Male,54,Chennai,Beauty,1253,2025-03-25
O0113,C0113,Female,37,Bangalore,Groceries,3250,2025-09-15
O0114,C0114,Female,26,Pune,Beauty,3049,2025-04-29
O0115,C0115,Male,49,Bangalore,Fashion,6955,2025-11-08
O0116,C0116,Male,44,Chennai,Electronics,23295,2025-02-18
O0117,C0117,Female,39,Ahmedabad,Groceries,3077,2025-10-08
O0118,C0118,Male,40,Pune,Beauty,1935,2025-07-21
O0119,C0119,Male,43,Ahmedabad,Electronics,14104,2025-02-27
O0120,C0120,Male,58,Hyderabad,Fashion,6913,2025-05-10
O0121,C0121,Male,47,Pune,Electronics,17937,2025-11-17
O0122,C0122,Female,41,Ahmedabad,Beauty,3708,2025-12-14
O0123,C0123,Female,34,Mumbai,Electronics,16135,2025-05-05
O0124,C0124,Male,51,Mumbai,Fashion,5998,2025-09-04
O0125,C0125,Male,54,Mumbai,Beauty,1162,2025-11-24
O0126,C0126,Female,34,Delhi,Groceries,1884,2025-05-16
O0127,C0127,Male,31,Chennai,Electronics,14514,2025-06-25
O0128,C0128,Female,46,Bangalore,Groceries,3645,2025-05-04
O0129,C0129,Male,58,Ahmedabad,Home Decor,4885,2025-12-18
O0130,C0130,Male,50,Delhi,Beauty,1561,2025-06-17
O0131,C0131,Male,18,Delhi,Fashion,1445,2025-11-26
O0132,C0132,Male,22,Bangalore,Fashion,6546,2025-08-17
O0133,C0133,Female,52,Chennai,Electronics,10505,2025-11-16
O0134,C0134,Female,36,Mumbai,Beauty,4094,2025-12-20
O0135,C0135,Male,30,Delhi,Groceries,1900,2025-12-04
O0136,C0136,Male,59,Chennai,Groceries,758,2025-03-04
O0137,C0137,Male,28,Kolkata,Beauty,3863,2025-10-26
O0138,C0138,Female,31,Ahmedabad,Electronics,21668,2025-10-05
O0139,C0139,Female,39,Pune,Beauty,4527,2025-04-22
O0140,C0140,Male,57,Kolkata,Groceries,545,2025-08-10
O0141,C0141,Female,42,Ahmedabad,Electronics,17507,2025-08-30
O0142,C0142,Female,18,Bangalore,Groceries,1903,2025-04-25
O0143,C0143,Male,19,Delhi,Home Decor,3176,2025-01-05
O0144,C0144,Female,53,Pune,Electronics,27998,2025-03-03
O0145,C0145,Female,30,Mumbai,Groceries,3674,2025-08-29
O0146,C0146,Male,21,Hyderabad,Home Decor,2763,2025-05-22
O0147,C0147,Female,34,Mumbai,Groceries,2787,2025-07-15
O0148,C0148,Female,24,Hyderabad,Electronics,24906,2025-07-11
O0149,C0149,Male,18,Ahmedabad,Electronics,23796,2025-06-11
O0150,C0150,Female,19,Bangalore,Electronics,21211,2025-05-11
O0151,C0151,Male,47,Hyderabad,Electronics,10861,2025-12-27
O0152,C0152,Female,25,Bangalore,Home Decor,7107,2025-06-08
O0153,C0153,Male,19,Kolkata,Fashion,1047,2025-07-18
O0154,C0154,Male,23,Bangalore,Groceries,851,2025-12-14
O0155,C0155,Male,18,Bangalore,Fashion,5824,2025-07-20
O0156,C0156,Male,29,Hyderabad,Beauty,1849,2025-05-29
O0157,C0157,Female,53,Delhi,Home Decor,11444,2025-06-11
O0158,C0158,Female,18,Mumbai,Beauty,790,2025-05-12
O0159,C0159,Female,28,Mumbai,Beauty,4365,2025-08-19
O0160,C0160,Male,50,Delhi,Groceries,989,2025-08-12
O0161,C0161,Male,60,Hyderabad,Fashion,2961,2025-11-24
O0162,C0162,Male,44,Kolkata,Fashion,5015,2025-06-30
O0163,C0163,Male,56,Mumbai,Fashion,7100,2025-10-27
O0164,C0164,Male,54,Ahmedabad,Groceries,1891,2025-12-11
O0165,C0165,Female,29,Bangalore,Fashion,4418,2025-06-27
O0166,C0166,Male,37,Chennai,Beauty,504,2025-12-09
O0167,C0167,Male,46,Hyderabad,Beauty,1692,2025-11-17
O0168,C0168,Female,60,Delhi,Beauty,2697,2025-10-28
O0169,C0169,Female,31,Ahmedabad,Home Decor,8667,2025-02-08
O0170,C0170,Female,26,Hyderabad,Electronics,12107,2025-12-27
O0171,C0171,Female,42,Bangalore,Electronics,8768,2025-10-17
O0172,C0172,Male,38,Ahmedabad,Home Decor,4464,2025-07-23
O0173,C0173,Female,60,Ahmedabad,Electronics,23604,2025-10-21
O0174,C0174,Female,19,Bangalore,Fashion,5863,2025-12-17
O0175,C0175,Male,59,Kolkata,Home Decor,4980,2025-10-28
O0176,C0176,Male,59,Mumbai,Electronics,16451,2025-02-18
O0177,C0177,Male,60,Hyderabad,Groceries,1028,2025-08-27
O0178,C0178,Male,28,Delhi,Fashion,2673,2025-06-19
O0179,C0179,Male,25,Hyderabad,Electronics,14942,2025-04-20
O0180,C0180,Female,52,Mumbai,Groceries,757,2025-03-17
O0181,C0181,Female,41,Hyderabad,Fashion,6089,2025-11-04
O0182,C0182,Male,57,Delhi,Groceries,1182,2025-09-17
O0183,C0183,Male,44,Ahmedabad,Groceries,3601,2025-06-02
O0184,C0184,Female,45,Bangalore,Beauty,4831,2025-09-09
O0185,C0185,Female,32,Ahmedabad,Electronics,15509,2025-06-04
O0186,C0186,Male,24,Kolkata,Groceries,3028,2025-11-13
O0187,C0187,Female,20,Kolkata,Beauty,3816,2025-11-07
O0188,C0188,Female,41,Delhi,Home Decor,3709,2025-09-30
O0189,C0189,Male,21,Kolkata,Beauty,3160,2025-12-29
O0190,C0190,Male,38,Pune,Groceries,1826,2025-10-22
O0191,C0191,Male,40,Kolkata,Groceries,767,2025-01-19
O0192,C0192,Male,31,Chennai,Fashion,5505,2025-06-22
O0193,C0193,Female,51,Delhi,Beauty,1385,2025-03-10
O0194,C0194,Female,37,Mumbai,Beauty,3240,2025-01-02
O0195,C0195,Male,60,Mumbai,Electronics,21222,2025-08-31
O0196,C0196,Male,40,Hyderabad,Electronics,15584,2025-03-19
O0197,C0197,Female,20,Delhi,Groceries,1669,2025-11-14
O0198,C0198,Male,35,Mumbai,Fashion,6893,2025-05-17
O0199,C0199,Male,31,Bangalore,Fashion,1840,2025-11-17
O0200,C0200,Female,41,Pune,Fashion,2035,2025-02-15
O0201,C0201,Male,34,Mumbai,Fashion,7181,2025-08-09
O0202,C0202,Male,55,Ahmedabad,Home Decor,3477,2025-04-17
O0203,C0203,Female,55,Ahmedabad,Groceries,2271,2025-10-14
O0204,C0204,Male,18,Chennai,Fashion,2836,2025-12-07
O0205,C0205,Female,42,Ahmedabad,Groceries,1763,2025-06-25
O0206,C0206,Male,21,Hyderabad,Fashion,6454,2025-04-24
O0207,C0207,Female,33,Kolkata,Electronics,11429,2025-12-30
O0208,C0208,Female,46,Chennai,Electronics,22186,2025-11-21
O0209,C0209,Male,53,Chennai,Home Decor,10212,2025-11-16
O0210,C0210,Female,60,Pune,Home Decor,8194,2025-12-04
O0211,C0211,Male,26,Hyderabad,Fashion,7441,2025-02-05
O0212,C0212,Female,53,Hyderabad,Home Decor,2212,2025-04-12
O0213,C0213,Female,53,Kolkata,Home Decor,7812,2025-07-08
O0214,C0214,Female,44,Delhi,Home Decor,6231,2025-08-16
O0215,C0215,Female,47,Mumbai,Home Decor,9965,2025-08-06
O0216,C0216,Male,21,Chennai,Beauty,1936,2025-04-07
O0217,C0217,Male,22,Bangalore,Electronics,20537,2025-07-07
O0218,C0218,Female,60,Delhi,Fashion,6091,2025-04-16
O0219,C0219,Male,19,Ahmedabad,Groceries,3325,2025-05-03
O0220,C0220,Female,21,Delhi,Fashion,3887,2025-04-05
O0221,C0221,Female,50,Chennai,Fashion,5599,2025-04-12
O0222,C0222,Male,49,Bangalore,Home Decor,8027,2025-04-10
O0223,C0223,Male,49,Pune,Home Decor,3014,2025-10-03
O0224,C0224,Male,49,Delhi,Groceries,2631,2025-01-28
O0225,C0225,Male,43,Pune,Beauty,4285,2025-11-21
O0226,C0226,Male,51,Pune,Electronics,28342,2025-07-01
O0227,C0227,Male,45,Chennai,Home Decor,7217,2025-06-04
O0228,C0228,Male,51,Ahmedabad,Beauty,4312,2025-09-20
O0229,C0229,Female,46,Ahmedabad,Groceries,1466,2025-12-23
O0230,C0230,Female,29,Bangalore,Fashion,5951,2025-09-14
O0231,C0231,Male,26,Chennai,Electronics,29486,2025-09-22
O0232,C0232,Male,37,Pune,Fashion,5371,2025-12-11
O0233,C0233,Female,26,Kolkata,Fashion,5304,2025-12-10
O0234,C0234,Female,18,Ahmedabad,Electronics,18378,2025-06-04
O0235,C0235,Female,28,Delhi,Beauty,2835,2025-12-22
O0236,C0236,Male,54,Hyderabad,Beauty,1219,2025-10-27
O0237,C0237,Male,56,Delhi,Beauty,3977,2025-03-03
O0238,C0238,Female,36,Mumbai,Beauty,3221,2025-08-08
O0239,C0239,Female,40,Chennai,Electronics,28425,2025-04-23
O0240,C0240,Female,36,Mumbai,Fashion,3953,2025-11-26
O0241,C0241,Male,22,Hyderabad,Beauty,3541,2025-01-08
O0242,C0242,Male,38,Delhi,Electronics,21943,2025-01-15
O0243,C0243,Female,30,Bangalore,Fashion,2513,2025-02-02
O0244,C0244,Male,18,Chennai,Beauty,800,2025-06-16
O0245,C0245,Female,50,Mumbai,Fashion,3876,2025-06-02
O0246,C0246,Male,34,Kolkata,Electronics,13351,2025-03-06
O0247,C0247,Female,52,Bangalore,Beauty,3381,2025-07-06
O0248,C0248,Female,48,Bangalore,Electronics,19896,2025-04-17
O0249,C0249,Female,60,Ahmedabad,Beauty,4731,2025-10-27
O0250,C0250,Female,28,Pune,Beauty,1007,2025-02-18
O0251,C0251,Female,25,Bangalore,Beauty,4883,2025-10-13
O0252,C0252,Male,50,Pune,Fashion,7590,2025-11-25
O0253,C0253,Male,49,Chennai,Fashion,3989,2025-10-19
O0254,C0254,Male,56,Ahmedabad,Beauty,2672,2025-06-07
O0255,C0255,Female,53,Chennai,Home Decor,11944,2025-05-26
O0256,C0256,Female,51,Bangalore,Fashion,5693,2025-07-12
O0257,C0257,Male,18,Chennai,Fashion,4546,2025-08-16
O0258,C0258,Female,36,Bangalore,Home Decor,8148,2025-02-15
O0259,C0259,Female,35,Pune,Beauty,772,2025-11-18
O0260,C0260,Male,57,Pune,Beauty,798,2025-05-15
O0261,C0261,Male,49,Mumbai,Home Decor,4319,2025-06-12
O0262,C0262,Female,48,Hyderabad,Fashion,4016,2025-12-01
O0263,C0263,Female,49,Kolkata,Electronics,29795,2025-02-08
O0264,C0264,Male,28,Delhi,Groceries,3640,2025-05-24
O0265,C0265,Female,30,Delhi,Groceries,2164,2025-02-24
O0266,C0266,Male,23,Mumbai,Fashion,3812,2025-03-09
O0267,C0267,Male,39,Ahmedabad,Groceries,2989,2025-11-01
O0268,C0268,Male,34,Kolkata,Fashion,3306,2025-05-22
O0269,C0269,Female,21,Hyderabad,Fashion,3562,2025-08-21
O0270,C0270,Male,40,Ahmedabad,Electronics,29329,2025-07-02
O0271,C0271,Male,53,Chennai,Home Decor,6010,2025-10-17
O0272,C0272,Male,57,Mumbai,Electronics,24804,2025-08-09
O0273,C0273,Male,28,Ahmedabad,Groceries,3185,2025-07-18
O0274,C0274,Male,20,Pune,Groceries,3092,2025-02-21
O0275,C0275,Male,30,Kolkata,Groceries,1778,2025-03-14
O0276,C0276,Female,23,Bangalore,Beauty,1100,2025-08-19
O0277,C0277,Female,32,Delhi,Groceries,3902,2025-05-24
O0278,C0278,Female,42,Hyderabad,Home Decor,11176,2025-03-28
O0279,C0279,Female,60,Mumbai,Groceries,1608,2025-06-04
O0280,C0280,Female,59,Mumbai,Groceries,3827,2025-07-05
O0281,C0281,Female,25,Bangalore,Beauty,1060,2025-07-06
O0282,C0282,Male,23,Mumbai,Groceries,1336,2025-04-12
O0283,C0283,Female,26,Chennai,Groceries,1005,2025-07-25
O0284,C0284,Male,20,Ahmedabad,Home Decor,6275,2025-09-14
O0285,C0285,Male,58,Kolkata,Home Decor,4056,2025-06-13
O0286,C0286,Male,39,Bangalore,Beauty,1388,2025-04-21
O0287,C0287,Female,50,Pune,Electronics,28197,2025-06-26
O0288,C0288,Male,50,Hyderabad,Home Decor,11361,2025-02-08
O0289,C0289,Female,19,Pune,Electronics,8968,2025-07-27
O0290,C0290,Female,51,Ahmedabad,Beauty,1632,2025-07-24
O0291,C0291,Female,45,Chennai,Beauty,1158,2025-05-14
O0292,C0292,Female,55,Chennai,Beauty,2503,2025-11-04
O0293,C0293,Female,48,Mumbai,Fashion,1106,2025-11-07
O0294,C0294,Male,24,Delhi,Fashion,6683,2025-03-10
O0295,C0295,Male,35,Bangalore,Electronics,26128,2025-12-21
O0296,C0296,Female,21,Bangalore,Fashion,3273,2025-05-09
O0297,C0297,Female,27,Bangalore,Electronics,21845,2025-08-04
O0298,C0298,Female,18,Delhi,Beauty,2707,2025-05-26
O0299,C0299,Male,40,Chennai,Beauty,2708,2025-12-14
O0300,C0300,Male,44,Mumbai,Home Decor,3593,2025-10-01
O0301,C0301,Male,48,Ahmedabad,Groceries,2323,2025-01-30
O0302,C0302,Male,53,Ahmedabad,Groceries,3781,2025-05-11
O0303,C0303,Female,38,Mumbai,Beauty,4581,2025-03-13
O0304,C0304,Female,41,Delhi,Fashion,6278,2025-08-09
O0305,C0305,Female,58,Kolkata,Fashion,6996,2025-04-16
O0306,C0306,Male,53,Ahmedabad,Beauty,2371,2025-11-21
O0307,C0307,Male,59,Mumbai,Beauty,2934,2025-09-04
O0308,C0308,Male,26,Hyderabad,Beauty,2054,2025-04-28
O0309,C0309,Male,56,Kolkata,Beauty,1279,2025-06-13
O0310,C0310,Female,53,Chennai,Beauty,3613,2025-07-02
O0311,C0311,Female,28,Ahmedabad,Electronics,9923,2025-07-08
O0312,C0312,Female,53,Hyderabad,Groceries,3520,2025-03-01
O0313,C0313,Male,31,Bangalore,Beauty,1034,2025-04-26
O0314,C0314,Female,56,Pune,Home Decor,10196,2025-10-16
O0315,C0315,Female,58,Hyderabad,Home Decor,5154,2025-10-19
O0316,C0316,Female,48,Pune,Home Decor,3252,2025-07-13
O0317,C0317,Female,18,Kolkata,Fashion,2477,2025-11-12
O0318,C0318,Female,60,Kolkata,Beauty,2111,2025-11-16
O0319,C0319,Male,36,Bangalore,Beauty,4084,2025-03-02
O0320,C0320,Male,38,Hyderabad,Electronics,25069,2025-09-11
O0321,C0321,Male,48,Pune,Electronics,10658,2025-09-29
O0322,C0322,Female,52,Chennai,Beauty,1100,2025-06-09
O0323,C0323,Male,59,Pune,Beauty,3043,2025-11-10
O0324,C0324,Male,59,Hyderabad,Home Decor,10329,2025-12-11
O0325,C0325,Male,52,Mumbai,Fashion,3156,2025-11-12
O0326,C0326,Male,52,Delhi,Fashion,5936,2025-07-28
O0327,C0327,Male,53,Kolkata,Home Decor,2340,2025-10-14
O0328,C0328,Female,29,Hyderabad,Home Decor,8686,2025-11-30
O0329,C0329,Female,49,Ahmedabad,Home Decor,7189,2025-07-26
O0330,C0330,Female,53,Kolkata,Fashion,6532,2025-08-28
O0331,C0331,Male,58,Bangalore,Electronics,16706,2025-05-11
O0332,C0332,Male,27,Chennai,Home Decor,8687,2025-02-07
O0333,C0333,Male,30,Hyderabad,Fashion,5933,2025-12-29
O0334,C0334,Male,19,Chennai,Fashion,5603,2025-11-16
O0335,C0335,Female,39,Pune,Home Decor,3535,2025-03-06
O0336,C0336,Female,47,Hyderabad,Home Decor,10850,2025-10-12
O0337,C0337,Female,60,Hyderabad,Groceries,1805,2025-11-19
O0338,C0338,Female,50,Mumbai,Electronics,14419,2025-01-07
O0339,C0339,Male,22,Delhi,Home Decor,2809,2025-11-03
O0340,C0340,Male,57,Delhi,Home Decor,6070,2025-04-05
O0341,C0341,Female,25,Chennai,Home Decor,2011,2025-04-09
O0342,C0342,Male,51,Pune,Fashion,2924,2025-10-17
O0343,C0343,Female,43,Mumbai,Beauty,547,2025-11-06
O0344,C0344,Male,56,Bangalore,Electronics,28239,2025-04-14
O0345,C0345,Female,55,Mumbai,Electronics,21669,2025-02-19
O0346,C0346,Male,19,Hyderabad,Fashion,5408,2025-02-03
O0347,C0347,Male,32,Mumbai,Electronics,26064,2025-04-08
O0348,C0348,Male,49,Pune,Groceries,1924,2025-04-20
O0349,C0349,Female,18,Kolkata,Home Decor,2553,2025-10-26
O0350,C0350,Female,48,Delhi,Fashion,7264,2025-09-20
O0351,C0351,Female,50,Ahmedabad,Fashion,2109,2025-11-10
O0352,C0352,Male,42,Mumbai,Fashion,2547,2025-07-06
O0353,C0353,Male,21,Chennai,Fashion,6901,2025-04-10
O0354,C0354,Male,30,Delhi,Electronics,8600,2025-04-17
O0355,C0355,Male,28,Kolkata,Home Decor,8813,2025-05-01
O0356,C0356,Male,48,Chennai,Fashion,2890,2025-04-13
O0357,C0357,Female,59,Kolkata,Home Decor,5626,2025-03-21
O0358,C0358,Female,57,Mumbai,Groceries,643,2025-06-19
O0359,C0359,Female,59,Ahmedabad,Home Decor,9051,2025-09-12
O0360,C0360,Female,54,Bangalore,Fashion,6225,2025-11-21
O0361,C0361,Female,57,Mumbai,Home Decor,5817,2025-05-10
O0362,C0362,Male,51,Mumbai,Beauty,818,2025-10-04
O0363,C0363,Male,27,Bangalore,Electronics,11491,2025-01-29
O0364,C0364,Female,50,Delhi,Home Decor,8447,2025-10-01
O0365,C0365,Male,60,Pune,Electronics,10506,2025-04-03
O0366,C0366,Female,22,Delhi,Fashion,2864,2025-04-02
O0367,C0367,Male,43,Bangalore,Fashion,2559,2025-08-28
O0368,C0368,Male,54,Mumbai,Home Decor,6146,2025-02-03
O0369,C0369,Female,53,Ahmedabad,Home Decor,4175,2025-07-21
O0370,C0370,Female,23,Hyderabad,Groceries,1547,2025-10-14
O0371,C0371,Female,28,Pune,Home Decor,3728,2025-07-08
O0372,C0372,Male,47,Chennai,Beauty,1783,2025-03-20
O0373,C0373,Male,58,Bangalore,Home Decor,11435,2025-01-09
O0374,C0374,Male,27,Mumbai,Groceries,2337,2025-01-17
O0375,C0375,Female,35,Mumbai,Electronics,29242,2025-10-16
O0376,C0376,Male,25,Kolkata,Beauty,799,2025-10-20
O0377,C0377,Male,56,Delhi,Home Decor,5156,2025-09-21
O0378,C0378,Male,36,Chennai,Electronics,19591,2025-01-02
O0379,C0379,Male,20,Delhi,Home Decor,2614,2025-08-15
O0380,C0380,Male,34,Bangalore,Beauty,2316,2025-08-21
O0381,C0381,Female,33,Mumbai,Fashion,5492,2025-04-02
O0382,C0382,Female,18,Mumbai,Home Decor,2569,2025-07-01
O0383,C0383,Male,41,Bangalore,Beauty,2140,2025-10-30
O0384,C0384,Male,52,Mumbai,Electronics,12999,2025-09-01
O0385,C0385,Female,43,Delhi,Home Decor,5419,2025-02-23
O0386,C0386,Male,26,Mumbai,Fashion,3336,2025-03-22
O0387,C0387,Male,19,Kolkata,Electronics,11635,2025-11-21
O0388,C0388,Male,49,Mumbai,Electronics,19458,2025-08-07
O0389,C0389,Female,50,Ahmedabad,Groceries,3293,2025-10-10
O0390,C0390,Female,26,Bangalore,Electronics,23268,2025-04-12
O0391,C0391,Female,41,Ahmedabad,Electronics,24792,2025-11-14
O0392,C0392,Female,25,Ahmedabad,Groceries,920,2025-02-09
O0393,C0393,Female,59,Hyderabad,Fashion,4830,2025-03-22
O0394,C0394,Female,34,Pune,Home Decor,2484,2025-12-23
O0395,C0395,Male,25,Delhi,Electronics,14466,2025-01-07
O0396,C0396,Female,45,Hyderabad,Groceries,1945,2025-10-24
O0397,C0397,Male,39,Hyderabad,Fashion,4708,2025-04-22
O0398,C0398,Female,47,Bangalore,Home Decor,5533,2025-11-05
O0399,C0399,Male,19,Kolkata,Beauty,4871,2025-09-04
O0400,C0400,Female,27,Mumbai,Fashion,5433,2025-04-15
O0401,C0401,Male,30,Delhi,Fashion,1518,2025-04-17
O0402,C0402,Female,35,Hyderabad,Electronics,26117,2025-09-03
O0403,C0403,Female,31,Mumbai,Home Decor,5028,2025-04-05
O0404,C0404,Male,24,Kolkata,Groceries,2588,2025-01-26
O0405,C0405,Male,18,Ahmedabad,Beauty,3842,2025-06-07
O0406,C0406,Male,58,Bangalore,Home Decor,7544,2025-08-08
O0407,C0407,Female,50,Chennai,Groceries,3005,2025-07-10
O0408,C0408,Female,59,Kolkata,Fashion,3489,2025-09-01
O0409,C0409,Female,49,Delhi,Home Decor,6435,2025-05-12
O0410,C0410,Female,50,Chennai,Beauty,3560,2025-08-15
O0411,C0411,Female,27,Ahmedabad,Home Decor,8435,2025-01-05
O0412,C0412,Male,59,Mumbai,Home Decor,7227,2025-09-10
O0413,C0413,Female,20,Pune,Electronics,18183,2025-08-02
O0414,C0414,Male,29,Ahmedabad,Groceries,1307,2025-01-26
O0415,C0415,Female,20,Delhi,Groceries,1131,2025-10-03
O0416,C0416,Female,60,Mumbai,Electronics,17845,2025-01-29
O0417,C0417,Male,26,Mumbai,Beauty,3778,2025-06-11
O0418,C0418,Male,25,Delhi,Electronics,19361,2025-11-21
O0419,C0419,Female,60,Mumbai,Electronics,26078,2025-02-04
O0420,C0420,Male,55,Pune,Groceries,3745,2025-09-27
O0421,C0421,Female,36,Kolkata,Electronics,16831,2025-03-20
O0422,C0422,Male,23,Kolkata,Home Decor,9534,2025-08-09
O0423,C0423,Female,47,Chennai,Groceries,1005,2025-03-23
O0424,C0424,Female,31,Pune,Groceries,3455,2025-08-21
O0425,C0425,Male,46,Pune,Home Decor,4660,2025-07-15
O0426,C0426,Female,32,Kolkata,Fashion,6226,2025-03-30
O0427,C0427,Female,28,Ahmedabad,Fashion,1023,2025-02-04
O0428,C0428,Male,33,Mumbai,Groceries,2522,2025-07-15
O0429,C0429,Male,39,Chennai,Beauty,3097,2025-07-22
O0430,C0430,Male,30,Bangalore,Home Decor,9504,2025-08-26
O0431,C0431,Male,31,Chennai,Groceries,1528,2025-06-25
O0432,C0432,Male,28,Pune,Groceries,3975,2025-11-12
O0433,C0433,Female,35,Ahmedabad,Groceries,2745,2025-06-27
O0434,C0434,Female,28,Pune,Electronics,22117,2025-02-27
O0435,C0435,Female,53,Mumbai,Electronics,29250,2025-10-06
O0436,C0436,Female,21,Mumbai,Home Decor,9994,2025-11-07
O0437,C0437,Female,28,Bangalore,Groceries,3269,2025-01-23
O0438,C0438,Female,48,Kolkata,Home Decor,5409,2025-11-27
O0439,C0439,Male,39,Delhi,Groceries,3644,2025-02-02
O0440,C0440,Male,54,Ahmedabad,Groceries,554,2025-12-29
O0441,C0441,Male,47,Kolkata,Beauty,3921,2025-02-28
O0442,C0442,Female,18,Mumbai,Groceries,2615,2025-07-22
O0443,C0443,Female,25,Delhi,Fashion,3504,2025-05-10
O0444,C0444,Male,46,Ahmedabad,Electronics,19011,2025-07-28
O0445,C0445,Female,31,Hyderabad,Home Decor,3609,2025-08-19
O0446,C0446,Female,38,Mumbai,Home Decor,11828,2025-05-25
O0447,C0447,Male,46,Chennai,Electronics,28196,2025-02-15
O0448,C0448,Female,46,Bangalore,Beauty,2162,2025-01-21
O0449,C0449,Female,46,Pune,Home Decor,4789,2025-05-12
O0450,C0450,Male,23,Ahmedabad,Groceries,2077,2025-12-27
O0451,C0451,Female,25,Ahmedabad,Home Decor,10624,2025-09-23
O0452,C0452,Male,51,Pune,Fashion,3073,2025-05-04
O0453,C0453,Female,40,Pune,Electronics,15262,2025-03-28
O0454,C0454,Female,43,Mumbai,Home Decor,8108,2025-10-16
O0455,C0455,Female,44,Delhi,Beauty,4880,2025-05-09
O0456,C0456,Female,19,Hyderabad,Groceries,3832,2025-06-30
O0457,C0457,Male,58,Delhi,Beauty,1086,2025-11-21
O0458,C0458,Female,55,Ahmedabad,Home Decor,5465,2025-02-21
O0459,C0459,Female,29,Chennai,Fashion,5863,2025-06-24
O0460,C0460,Female,22,Bangalore,Home Decor,8899,2025-11-21
O0461,C0461,Male,58,Bangalore,Home Decor,3835,2025-11-24
O0462,C0462,Male,38,Kolkata,Fashion,4235,2025-03-17
O0463,C0463,Female,25,Chennai,Fashion,7335,2025-10-07
O0464,C0464,Male,29,Pune,Groceries,3774,2025-01-24
O0465,C0465,Male,39,Chennai,Home Decor,11966,2025-04-07
O0466,C0466,Female,60,Delhi,Fashion,1830,2025-02-25
O0467,C0467,Male,21,Mumbai,Beauty,4616,2025-06-07
O0468,C0468,Female,23,Mumbai,Groceries,1094,2025-09-09
O0469,C0469,Male,45,Delhi,Fashion,4008,2025-08-03
O0470,C0470,Male,23,Mumbai,Fashion,1617,2025-09-10
O0471,C0471,Female,38,Ahmedabad,Home Decor,7994,2025-10-29
O0472,C0472,Female,21,Delhi,Fashion,1801,2025-12-18
O0473,C0473,Female,50,Bangalore,Beauty,3271,2025-06-04
O0474,C0474,Male,23,Mumbai,Groceries,2124,2025-02-17
O0475,C0475,Male,36,Pune,Home Decor,5336,2025-04-30
O0476,C0476,Female,34,Ahmedabad,Beauty,2458,2025-12-07
O0477,C0477,Male,40,Bangalore,Home Decor,2940,2025-04-09
O0478,C0478,Male,45,Bangalore,Electronics,25665,2025-11-22
O0479,C0479,Female,26,Ahmedabad,Home Decor,10980,2025-06-21
O0480,C0480,Female,55,Ahmedabad,Beauty,4361,2025-07-20
O0481,C0481,Male,42,Kolkata,Groceries,3646,2025-02-27
O0482,C0482,Female,33,Pune,Fashion,6283,2025-09-29
O0483,C0483,Female,24,Hyderabad,Beauty,1326,2025-08-19
O0484,C0484,Male,37,Kolkata,Beauty,1835,2025-09-27
O0485,C0485,Female,55,Delhi,Beauty,4738,2025-06-13
O0486,C0486,Male,20,Pune,Beauty,2085,2025-04-08
O0487,C0487,Female,41,Bangalore,Beauty,909,2025-01-31
O0488,C0488,Male,25,Chennai,Beauty,4412,2025-11-11
O0489,C0489,Male,39,Mumbai,Home Decor,9482,2025-10-12
O0490,C0490,Female,28,Hyderabad,Fashion,5034,2025-11-17
O0491,C0491,Male,36,Delhi,Home Decor,6633,2025-02-25
O0492,C0492,Female,34,Ahmedabad,Home Decor,10660,2025-01-23
O0493,C0493,Male,18,Delhi,Beauty,1552,2025-03-22
O0494,C0494,Male,45,Bangalore,Electronics,27604,2025-03-15
O0495,C0495,Female,53,Ahmedabad,Beauty,643,2025-12-10
O0496,C0496,Female,29,Kolkata,Groceries,1455,2025-02-06
O0497,C0497,Female,48,Mumbai,Beauty,4322,2025-11-18
O0498,C0498,Female,49,Bangalore,Beauty,4876,2025-09-22
O0499,C0499,Female,18,Chennai,Beauty,4295,2025-02-17
O0500,C0500,Female,53,Mumbai,Fashion,4985,2025-01-24
O0501,C0501,Male,22,Bangalore,Groceries,3933,2025-05-31
O0502,C0502,Female,56,Bangalore,Beauty,2053,2025-07-16
O0503,C0503,Male,20,Pune,Groceries,1664,2025-04-15
O0504,C0504,Female,51,Mumbai,Groceries,3007,2025-05-04
O0505,C0505,Female,52,Delhi,Electronics,20872,2025-04-09
O0506,C0506,Male,42,Bangalore,Electronics,28009,2025-08-10
O0507,C0507,Male,56,Bangalore,Electronics,29517,2025-03-14
O0508,C0508,Female,53,Bangalore,Fashion,7921,2025-12-24
O0509,C0509,Female,20,Mumbai,Electronics,22669,2025-12-04
O0510,C0510,Male,20,Hyderabad,Groceries,1991,2025-08-13
O0511,C0511,Female,43,Kolkata,Beauty,4799,2025-08-15
O0512,C0512,Male,30,Pune,Fashion,2603,2025-02-01
O0513,C0513,Female,29,Kolkata,Fashion,6091,2025-10-15
O0514,C0514,Female,23,Bangalore,Electronics,16771,2025-08-17
O0515,C0515,Female,26,Delhi,Beauty,4325,2025-11-20
O0516,C0516,Male,38,Bangalore,Electronics,10468,2025-02-10
O0517,C0517,Male,27,Pune,Home Decor,7769,2025-01-28
O0518,C0518,Female,27,Hyderabad,Electronics,18520,2025-04-27
O0519,C0519,Female,31,Kolkata,Home Decor,10840,2025-05-05
O0520,C0520,Male,38,Pune,Groceries,2047,2025-07-31
O0521,C0521,Female,43,Kolkata,Electronics,11619,2025-05-05
O0522,C0522,Female,55,Kolkata,Electronics,16774,2025-12-13
O0523,C0523,Female,52,Pune,Fashion,3961,2025-01-30
O0524,C0524,Female,26,Pune,Fashion,1690,2025-09-12
O0525,C0525,Female,40,Mumbai,Beauty,3182,2025-08-14
O0526,C0526,Male,31,Delhi,Beauty,3898,2025-01-29
O0527,C0527,Male,47,Delhi,Electronics,26859,2025-04-03
O0528,C0528,Male,54,Ahmedabad,Groceries,2878,2025-08-07
O0529,C0529,Male,39,Hyderabad,Fashion,1597,2025-05-18
O0530,C0530,Male,21,Mumbai,Fashion,1952,2025-08-23
O0531,C0531,Female,32,Ahmedabad,Beauty,1332,2025-09-21
O0532,C0532,Male,53,Bangalore,Groceries,664,2025-05-01
O0533,C0533,Male,30,Mumbai,Groceries,2077,2025-06-07
O0534,C0534,Female,54,Ahmedabad,Fashion,6757,2025-05-09
O0535,C0535,Male,55,Delhi,Groceries,617,2025-03-11
O0536,C0536,Female,24,Bangalore,Groceries,1660,2025-04-29
O0537,C0537,Male,18,Mumbai,Beauty,4659,2025-08-25
O0538,C0538,Female,38,Chennai,Fashion,1095,2025-03-29
O0539,C0539,Male,59,Delhi,Fashion,1460,2025-12-03
O0540,C0540,Female,18,Delhi,Fashion,5464,2025-11-17
O0541,C0541,Male,23,Pune,Home Decor,7043,2025-08-15
O0542,C0542,Female,45,Kolkata,Electronics,16906,2025-08-28
O0543,C0543,Female,47,Ahmedabad,Fashion,2790,2025-03-08
O0544,C0544,Female,18,Chennai,Home Decor,9410,2025-06-03
O0545,C0545,Male,30,Chennai,Groceries,3549,2025-09-04
O0546,C0546,Female,57,Pune,Fashion,3776,2025-07-20
O0547,C0547,Male,32,Mumbai,Fashion,6322,2025-06-03
O0548,C0548,Male,49,Delhi,Electronics,9587,2025-04-11
O0549,C0549,Male,28,Mumbai,Beauty,4683,2025-04-17
O0550,C0550,Female,31,Bangalore,Fashion,2481,2025-08-07
O0551,C0551,Male,47,Chennai,Fashion,7900,2025-08-06
O0552,C0552,Female,54,Delhi,Beauty,503,2025-05-11
O0553,C0553,Male,25,Pune,Electronics,29596,2025-06-13
O0554,C0554,Male,35,Hyderabad,Home Decor,7115,2025-10-30
O0555,C0555,Female,30,Pune,Fashion,3390,2025-08-04
O0556,C0556,Male,33,Ahmedabad,Electronics,22860,2025-02-20
O0557,C0557,Female,50,Kolkata,Beauty,4822,2025-07-12
O0558,C0558,Female,55,Hyderabad,Fashion,4382,2025-04-14
O0559,C0559,Male,22,Ahmedabad,Home Decor,2062,2025-11-15
O0560,C0560,Male,29,Chennai,Home Decor,8772,2025-11-18
O0561,C0561,Male,51,Kolkata,Fashion,3962,2025-01-31
O0562,C0562,Male,25,Hyderabad,Fashion,3356,2025-05-02
O0563,C0563,Male,30,Chennai,Electronics,20818,2025-07-19
O0564,C0564,Male,22,Chennai,Beauty,1686,2025-01-18
O0565,C0565,Male,37,Bangalore,Beauty,4898,2025-09-12
O0566,C0566,Female,31,Ahmedabad,Beauty,2709,2025-10-29
O0567,C0567,Female,48,Pune,Electronics,16824,2025-03-29
O0568,C0568,Male,37,Ahmedabad,Electronics,17570,2025-11-09
O0569,C0569,Female,56,Bangalore,Beauty,4920,2025-07-03
O0570,C0570,Female,26,Ahmedabad,Groceries,1260,2025-06-01
O0571,C0571,Female,34,Bangalore,Groceries,2905,2025-11-23
O0572,C0572,Male,49,Delhi,Home Decor,11217,2025-07-03
O0573,C0573,Female,52,Kolkata,Home Decor,4628,2025-05-15
O0574,C0574,Female,22,Ahmedabad,Beauty,1040,2025-03-13
O0575,C0575,Male,32,Ahmedabad,Beauty,749,2025-08-19
O0576,C0576,Female,47,Hyderabad,Groceries,3521,2025-07-04
O0577,C0577,Male,45,Mumbai,Beauty,949,2025-08-12
O0578,C0578,Female,23,Delhi,Groceries,3099,2025-12-26
O0579,C0579,Male,38,Pune,Groceries,3844,2025-08-22
O0580,C0580,Female,34,Mumbai,Groceries,2900,2025-03-07
O0581,C0581,Female,58,Ahmedabad,Fashion,7394,2025-09-10
O0582,C0582,Female,31,Ahmedabad,Groceries,2183,2025-05-10
O0583,C0583,Female,32,Hyderabad,Groceries,2679,2025-01-14
O0584,C0584,Male,37,Ahmedabad,Beauty,2037,2025-02-26
O0585,C0585,Female,52,Delhi,Home Decor,2905,2025-06-30
O0586,C0586,Male,25,Hyderabad,Electronics,26651,2025-01-13
O0587,C0587,Male,43,Mumbai,Home Decor,4639,2025-11-13
O0588,C0588,Male,39,Bangalore,Electronics,25059,2025-04-06
O0589,C0589,Male,24,Ahmedabad,Groceries,715,2025-10-07
O0590,C0590,Male,58,Chennai,Beauty,3852,2025-05-16
O0591,C0591,Female,22,Chennai,Fashion,5880,2025-06-13
O0592,C0592,Female,48,Chennai,Groceries,1167,2025-12-02
O0593,C0593,Male,57,Chennai,Home Decor,5262,2025-09-01
O0594,C0594,Female,22,Hyderabad,Fashion,3232,2025-07-09
O0595,C0595,Male,25,Ahmedabad,Groceries,1434,2025-02-21
O0596,C0596,Male,60,Mumbai,Groceries,3446,2025-04-13
O0597,C0597,Male,41,Ahmedabad,Electronics,22733,2025-06-30
O0598,C0598,Female,49,Chennai,Fashion,3879,2025-04-19
O0599,C0599,Female,57,Bangalore,Fashion,7230,2025-08-06
O0600,C0600,Male,57,Delhi,Beauty,4908,2025-08-01
O0601,C0601,Male,44,Pune,Home Decor,6602,2025-10-19
O0602,C0602,Female,39,Mumbai,Beauty,3198,2025-04-24
O0603,C0603,Male,59,Pune,Home Decor,3627,2025-09-25
O0604,C0604,Female,23,Pune,Fashion,3236,2025-03-02
O0605,C0605,Female,24,Chennai,Groceries,734,2025-11-07
O0606,C0606,Female,26,Kolkata,Electronics,19882,2025-02-21
O0607,C0607,Male,18,Ahmedabad,Fashion,3817,2025-12-17
O0608,C0608,Female,28,Ahmedabad,Fashion,5815,2025-05-01
O0609,C0609,Male,35,Chennai,Beauty,4648,2025-07-08
O0610,C0610,Female,30,Chennai,Fashion,6361,2025-12-09
O0611,C0611,Male,50,Mumbai,Electronics,13566,2025-09-29
O0612,C0612,Female,58,Bangalore,Electronics,24938,2025-10-10
O0613,C0613,Female,47,Hyderabad,Groceries,2271,2025-07-30
O0614,C0614,Male,45,Bangalore,Home Decor,10095,2025-05-13
O0615,C0615,Female,30,Kolkata,Home Decor,10809,2025-11-10
O0616,C0616,Male,30,Ahmedabad,Fashion,1905,2025-03-18
O0617,C0617,Female,18,Delhi,Electronics,18332,2025-08-29
O0618,C0618,Male,40,Pune,Groceries,1204,2025-02-18
O0619,C0619,Female,37,Pune,Beauty,1765,2025-04-26
O0620,C0620,Male,27,Hyderabad,Beauty,1800,2025-04-16
O0621,C0621,Female,28,Mumbai,Groceries,572,2025-10-24
O0622,C0622,Female,58,Chennai,Fashion,7220,2025-09-10
O0623,C0623,Female,55,Hyderabad,Groceries,1840,2025-09-01
O0624,C0624,Male,18,Ahmedabad,Beauty,2053,2025-03-17
O0625,C0625,Female,42,Delhi,Groceries,878,2025-01-29
O0626,C0626,Male,19,Mumbai,Electronics,29723,2025-05-16
O0627,C0627,Female,38,Bangalore,Groceries,3212,2025-06-28
O0628,C0628,Male,53,Mumbai,Electronics,15736,2025-02-01
O0629,C0629,Male,59,Mumbai,Fashion,3492,2025-04-28
O0630,C0630,Male,34,Chennai,Beauty,2850,2025-12-01
O0631,C0631,Female,49,Pune,Home Decor,2567,2025-12-15
O0632,C0632,Female,60,Hyderabad,Electronics,21896,2025-11-18
O0633,C0633,Male,22,Pune,Beauty,1105,2025-05-27
O0634,C0634,Male,51,Bangalore,Fashion,1410,2025-09-21
O0635,C0635,Male,58,Kolkata,Home Decor,7464,2025-02-24
O0636,C0636,Male,24,Mumbai,Home Decor,3361,2025-08-28
O0637,C0637,Female,34,Chennai,Beauty,4039,2025-04-21
O0638,C0638,Male,43,Delhi,Home Decor,11108,2025-08-12
O0639,C0639,Male,18,Pune,Groceries,3728,2025-06-15
O0640,C0640,Male,37,Hyderabad,Beauty,797,2025-02-23
O0641,C0641,Female,39,Mumbai,Fashion,1195,2025-01-15
O0642,C0642,Female,49,Kolkata,Beauty,2428,2025-08-06
O0643,C0643,Male,29,Chennai,Electronics,16223,2025-12-02
O0644,C0644,Female,59,Kolkata,Beauty,2856,2025-05-02
O0645,C0645,Male,52,Hyderabad,Groceries,3815,2025-11-10
O0646,C0646,Female,48,Kolkata,Beauty,3049,2025-03-22
O0647,C0647,Male,39,Bangalore,Beauty,3271,2025-06-26
O0648,C0648,Female,44,Pune,Electronics,10197,2025-10-23
O0649,C0649,Male,38,Hyderabad,Beauty,2342,2025-08-07
O0650,C0650,Female,57,Bangalore,Beauty,2199,2025-08-25
O0651,C0651,Male,60,Mumbai,Beauty,593,2025-05-21
O0652,C0652,Male,54,Kolkata,Groceries,3640,2025-03-12
O0653,C0653,Male,28,Kolkata,Home Decor,3444,2025-11-04
O0654,C0654,Male,46,Delhi,Beauty,4881,2025-09-27
O0655,C0655,Female,27,Chennai,Groceries,3879,2025-06-25
O0656,C0656,Female,36,Ahmedabad,Fashion,6467,2025-09-28
O0657,C0657,Male,20,Kolkata,Fashion,1469,2025-10-28
O0658,C0658,Male,31,Bangalore,Fashion,6007,2025-09-13
O0659,C0659,Male,26,Chennai,Home Decor,9724,2025-01-23
O0660,C0660,Female,26,Pune,Fashion,2645,2025-07-18
O0661,C0661,Female,37,Kolkata,Beauty,1936,2025-01-30
O0662,C0662,Male,44,Bangalore,Groceries,2228,2025-04-02
O0663,C0663,Male,47,Chennai,Groceries,3588,2025-07-13
O0664,C0664,Female,43,Kolkata,Beauty,3788,2025-02-01
O0665,C0665,Female,18,Ahmedabad,Fashion,7440,2025-03-06
O0666,C0666,Male,51,Bangalore,Home Decor,10166,2025-12-13
O0667,C0667,Male,53,Delhi,Fashion,5160,2025-08-14
O0668,C0668,Female,24,Ahmedabad,Beauty,1184,2025-09-23
O0669,C0669,Male,21,Hyderabad,Groceries,1523,2025-04-14
O0670,C0670,Male,25,Bangalore,Beauty,1743,2025-09-25
O0671,C0671,Female,44,Delhi,Beauty,2874,2025-03-30
O0672,C0672,Male,59,Pune,Beauty,605,2025-12-04
O0673,C0673,Male,27,Chennai,Electronics,21737,2025-06-24
O0674,C0674,Female,30,Bangalore,Fashion,4461,2025-05-24
O0675,C0675,Female,59,Ahmedabad,Groceries,870,2025-10-08
O0676,C0676,Female,59,Chennai,Beauty,3259,2025-07-31
O0677,C0677,Male,36,Chennai,Beauty,4801,2025-11-13
O0678,C0678,Female,19,Chennai,Home Decor,4634,2025-05-26
O0679,C0679,Female,45,Hyderabad,Home Decor,7996,2025-08-05
O0680,C0680,Female,35,Bangalore,Home Decor,4668,2025-07-13
O0681,C0681,Male,40,Delhi,Groceries,3647,2025-12-03
O0682,C0682,Female,51,Pune,Electronics,16829,2025-12-02
O0683,C0683,Male,52,Chennai,Home Decor,4041,2025-01-13
O0684,C0684,Female,25,Pune,Fashion,2065,2025-01-02
O0685,C0685,Male,40,Mumbai,Groceries,2986,2025-05-17
O0686,C0686,Female,59,Pune,Home Decor,7915,2025-08-12
O0687,C0687,Female,27,Mumbai,Home Decor,8858,2025-11-14
O0688,C0688,Female,50,Chennai,Electronics,11821,2025-06-30
O0689,C0689,Female,27,Chennai,Fashion,7212,2025-09-17
O0690,C0690,Male,58,Hyderabad,Beauty,1395,2025-12-16
O0691,C0691,Female,44,Delhi,Home Decor,6228,2025-12-12
O0692,C0692,Female,18,Chennai,Electronics,9638,2025-05-03
O0693,C0693,Female,60,Ahmedabad,Groceries,1458,2025-10-22
O0694,C0694,Female,44,Pune,Groceries,2801,2025-10-13
O0695,C0695,Male,56,Mumbai,Beauty,4445,2025-06-02
O0696,C0696,Male,38,Kolkata,Home Decor,7625,2025-04-05
O0697,C0697,Male,29,Hyderabad,Fashion,1204,2025-12-04
O0698,C0698,Female,22,Pune,Fashion,3275,2025-04-20
O0699,C0699,Female,25,Ahmedabad,Fashion,3493,2025-01-10
O0700,C0700,Male,53,Mumbai,Home Decor,7169,2025-07-12
O0701,C0701,Male,33,Kolkata,Beauty,3096,2025-07-27
O0702,C0702,Female,32,Chennai,Fashion,3556,2025-08-15
O0703,C0703,Female,47,Kolkata,Beauty,1411,2025-09-04
O0704,C0704,Male,34,Mumbai,Beauty,1719,2025-11-11
O0705,C0705,Male,39,Kolkata,Groceries,504,2025-02-17
O0706,C0706,Male,32,Delhi,Groceries,754,2025-02-23
O0707,C0707,Male,30,Ahmedabad,Fashion,1624,2025-11-01
O0708,C0708,Male,35,Delhi,Beauty,2039,2025-05-02
O0709,C0709,Male,31,Bangalore,Groceries,1305,2025-06-22
O0710,C0710,Male,18,Chennai,Home Decor,3076,2025-01-03
O0711,C0711,Female,22,Ahmedabad,Electronics,16469,2025-01-31
O0712,C0712,Female,33,Pune,Beauty,1234,2025-09-06
O0713,C0713,Male,33,Bangalore,Electronics,19883,2025-10-01
O0714,C0714,Female,50,Delhi,Beauty,3449,2025-11-13
O0715,C0715,Female,34,Bangalore,Electronics,16383,2025-03-16
O0716,C0716,Female,32,Kolkata,Fashion,2339,2025-09-17
O0717,C0717,Female,43,Hyderabad,Beauty,3243,2025-06-03
O0718,C0718,Male,53,Pune,Beauty,941,2025-03-03
O0719,C0719,Female,49,Bangalore,Beauty,4309,2025-10-12
O0720,C0720,Female,40,Chennai,Groceries,1882,2025-11-15
O0721,C0721,Male,56,Chennai,Groceries,3090,2025-05-17
O0722,C0722,Male,37,Bangalore,Groceries,592,2025-10-02
O0723,C0723,Female,55,Bangalore,Electronics,23515,2025-04-27
O0724,C0724,Female,44,Hyderabad,Electronics,29977,2025-03-28
O0725,C0725,Male,41,Pune,Home Decor,6640,2025-07-28
O0726,C0726,Male,47,Pune,Groceries,1928,2025-12-15
O0727,C0727,Male,34,Hyderabad,Electronics,20813,2025-10-15
O0728,C0728,Female,60,Hyderabad,Beauty,3527,2025-02-16
O0729,C0729,Female,37,Hyderabad,Fashion,6429,2025-05-12
O0730,C0730,Female,54,Hyderabad,Fashion,1329,2025-02-15
O0731,C0731,Female,56,Delhi,Home Decor,7084,2025-09-05
O0732,C0732,Female,32,Delhi,Home Decor,3637,2025-06-04
O0733,C0733,Female,37,Ahmedabad,Fashion,3836,2025-09-20
O0734,C0734,Female,60,Ahmedabad,Electronics,28867,2025-05-18
O0735,C0735,Male,50,Delhi,Groceries,2215,2025-12-11
O0736,C0736,Female,36,Pune,Beauty,3031,2025-05-27
O0737,C0737,Female,31,Pune,Electronics,27265,2025-01-17
O0738,C0738,Male,38,Kolkata,Groceries,1257,2025-03-16
O0739,C0739,Female,33,Mumbai,Beauty,3506,2025-07-27
O0740,C0740,Female,20,Kolkata,Groceries,2377,2025-02-25
O0741,C0741,Male,30,Delhi,Beauty,2082,2025-01-03
O0742,C0742,Female,30,Mumbai,Groceries,3136,2025-04-28
O0743,C0743,Female,41,Chennai,Groceries,1391,2025-08-21
O0744,C0744,Male,36,Kolkata,Beauty,968,2025-05-10
O0745,C0745,Male,38,Hyderabad,Home Decor,6643,2025-04-07
O0746,C0746,Male,32,Kolkata,Home Decor,10422,2025-06-05
O0747,C0747,Female,44,Chennai,Beauty,2375,2025-08-10
O0748,C0748,Female,24,Chennai,Home Decor,5075,2025-11-12
O0749,C0749,Female,47,Ahmedabad,Groceries,3091,2025-07-20
O0750,C0750,Male,59,Bangalore,Electronics,16672,2025-10-02
O0751,C0751,Male,28,Kolkata,Home Decor,10041,2025-09-03
O0752,C0752,Female,22,Kolkata,Home Decor,11352,2025-07-31
O0753,C0753,Female,60,Kolkata,Home Decor,5280,2025-05-10
O0754,C0754,Male,51,Kolkata,Beauty,3273,2025-08-02
O0755,C0755,Male,46,Bangalore,Fashion,3457,2025-11-08
O0756,C0756,Female,22,Kolkata,Home Decor,9857,2025-10-25
O0757,C0757,Female,57,Bangalore,Electronics,20126,2025-11-14
O0758,C0758,Female,38,Hyderabad,Electronics,24742,2025-09-09
O0759,C0759,Female,39,Ahmedabad,Fashion,1539,2025-03-29
O0760,C0760,Female,40,Pune,Electronics,26884,2025-06-09
O0761,C0761,Male,46,Mumbai,Home Decor,8792,2025-06-02
O0762,C0762,Male,50,Hyderabad,Home Decor,3880,2025-10-28
O0763,C0763,Female,24,Pune,Electronics,12434,2025-01-24
O0764,C0764,Female,52,Ahmedabad,Groceries,1350,2025-08-14
O0765,C0765,Male,29,Mumbai,Electronics,12175,2025-04-28
O0766,C0766,Male,40,Hyderabad,Fashion,4708,2025-11-20
O0767,C0767,Male,48,Bangalore,Fashion,4581,2025-01-18
O0768,C0768,Male,51,Bangalore,Home Decor,7864,2025-09-16
O0769,C0769,Female,32,Delhi,Electronics,13688,2025-04-28
O0770,C0770,Male,38,Pune,Fashion,5755,2025-09-02
O0771,C0771,Male,48,Pune,Fashion,6046,2025-02-24
O0772,C0772,Male,55,Hyderabad,Beauty,1481,2025-03-21
O0773,C0773,Male,44,Mumbai,Home Decor,2973,2025-09-30
O0774,C0774,Male,39,Pune,Electronics,29809,2025-09-18
O0775,C0775,Male,32,Hyderabad,Groceries,3394,2025-05-27
O0776,C0776,Male,20,Ahmedabad,Electronics,24738,2025-09-23
O0777,C0777,Female,51,Pune,Beauty,1672,2025-09-10
O0778,C0778,Female,57,Kolkata,Beauty,3826,2025-02-06
O0779,C0779,Female,43,Ahmedabad,Home Decor,7124,2025-07-07
O0780,C0780,Male,41,Pune,Home Decor,7112,2025-03-30
O0781,C0781,Female,31,Kolkata,Fashion,4799,2025-01-24
O0782,C0782,Male,53,Bangalore,Electronics,15187,2025-12-12
O0783,C0783,Female,57,Chennai,Beauty,2295,2025-06-02
O0784,C0784,Female,25,Bangalore,Fashion,4787,2025-04-06
O0785,C0785,Male,46,Delhi,Electronics,16729,2025-06-24
O0786,C0786,Female,46,Mumbai,Beauty,2631,2025-03-19
O0787,C0787,Male,33,Bangalore,Fashion,3829,2025-07-29
O0788,C0788,Female,23,Bangalore,Fashion,5100,2025-07-21
O0789,C0789,Female,32,Bangalore,Fashion,5591,2025-12-29
O0790,C0790,Male,50,Bangalore,Groceries,1031,2025-01-05
O0791,C0791,Female,57,Bangalore,Home Decor,6082,2025-09-06
O0792,C0792,Male,52,Mumbai,Fashion,5294,2025-02-08
O0793,C0793,Male,23,Bangalore,Groceries,561,2025-09-05
O0794,C0794,Male,46,Mumbai,Home Decor,5983,2025-05-10
O0795,C0795,Female,32,Chennai,Beauty,4163,2025-07-01
O0796,C0796,Female,47,Delhi,Electronics,19870,2025-02-13
O0797,C0797,Female,31,Delhi,Fashion,7736,2025-09-14
O0798,C0798,Female,19,Mumbai,Groceries,1296,2025-01-06
O0799,C0799,Male,29,Bangalore,Electronics,12524,2025-11-16
O0800,C0800,Female,33,Mumbai,Groceries,3642,2025-10-25
O0801,C0801,Female,46,Kolkata,Fashion,3643,2025-06-12
O0802,C0802,Female,36,Kolkata,Home Decor,6750,2025-08-23
O0803,C0803,Female,34,Delhi,Home Decor,10478,2025-09-10
O0804,C0804,Female,51,Pune,Home Decor,4686,2025-01-13
O0805,C0805,Male,28,Kolkata,Home Decor,7131,2025-09-15
O0806,C0806,Female,26,Kolkata,Home Decor,7311,2025-09-24
O0807,C0807,Female,53,Chennai,Electronics,19193,2025-10-03
O0808,C0808,Male,30,Chennai,Home Decor,8141,2025-05-04
O0809,C0809,Male,18,Bangalore,Home Decor,3189,2025-04-18
O0810,C0810,Female,32,Pune,Beauty,3938,2025-09-19
O0811,C0811,Male,45,Mumbai,Beauty,3161,2025-04-24
O0812,C0812,Male,22,Chennai,Beauty,1058,2025-03-31
O0813,C0813,Female,23,Bangalore,Beauty,3164,2025-03-25
O0814,C0814,Female,40,Kolkata,Fashion,4521,2025-11-04
O0815,C0815,Female,54,Kolkata,Groceries,3653,2025-05-16
O0816,C0816,Male,24,Bangalore,Beauty,4943,2025-05-06
O0817,C0817,Female,30,Bangalore,Fashion,2971,2025-05-31
O0818,C0818,Male,40,Delhi,Home Decor,3040,2025-03-30
O0819,C0819,Female,57,Kolkata,Groceries,2837,2025-03-04
O0820,C0820,Male,50,Mumbai,Beauty,1401,2025-05-27
O0821,C0821,Female,57,Ahmedabad,Home Decor,4620,2025-11-19
O0822,C0822,Female,25,Bangalore,Electronics,9839,2025-07-31
O0823,C0823,Male,26,Mumbai,Fashion,1940,2025-12-02
O0824,C0824,Male,34,Mumbai,Fashion,4059,2025-02-06
O0825,C0825,Male,53,Mumbai,Home Decor,2563,2025-12-07
O0826,C0826,Female,27,Delhi,Fashion,1105,2025-08-16
O0827,C0827,Male,28,Delhi,Fashion,3617,2025-07-19
O0828,C0828,Female,52,Ahmedabad,Groceries,2161,2025-06-23
O0829,C0829,Female,33,Chennai,Fashion,3202,2025-06-27
O0830,C0830,Male,30,Pune,Fashion,4526,2025-05-10
O0831,C0831,Male,60,Mumbai,Groceries,1260,2025-01-17
O0832,C0832,Female,52,Bangalore,Electronics,23807,2025-07-23
O0833,C0833,Male,34,Chennai,Home Decor,2236,2025-10-29
O0834,C0834,Female,48,Delhi,Groceries,2991,2025-07-26
O0835,C0835,Female,52,Mumbai,Fashion,1881,2025-07-20
O0836,C0836,Male,35,Chennai,Beauty,3132,2025-09-18
O0837,C0837,Female,27,Chennai,Home Decor,7269,2025-01-30
O0838,C0838,Female,52,Hyderabad,Home Decor,4890,2025-05-24
O0839,C0839,Female,57,Ahmedabad,Home Decor,10303,2025-08-13
O0840,C0840,Male,23,Kolkata,Groceries,2531,2025-10-21
O0841,C0841,Female,46,Bangalore,Electronics,11644,2025-11-03
O0842,C0842,Male,22,Delhi,Home Decor,6722,2025-07-09
O0843,C0843,Female,27,Hyderabad,Home Decor,7384,2025-05-20
O0844,C0844,Female,47,Kolkata,Electronics,14311,2025-06-22
O0845,C0845,Female,49,Chennai,Fashion,5416,2025-09-17
O0846,C0846,Female,40,Kolkata,Electronics,25922,2025-07-31
O0847,C0847,Male,20,Mumbai,Fashion,7381,2025-08-03
O0848,C0848,Female,54,Chennai,Groceries,2172,2025-04-02
O0849,C0849,Female,33,Hyderabad,Fashion,2413,2025-03-08
O0850,C0850,Male,36,Hyderabad,Groceries,1610,2025-01-10
O0851,C0851,Female,28,Bangalore,Beauty,3092,2025-07-26
O0852,C0852,Female,21,Mumbai,Electronics,20043,2025-05-06
O0853,C0853,Male,27,Ahmedabad,Groceries,1018,2025-08-20
O0854,C0854,Female,37,Pune,Beauty,702,2025-06-18
O0855,C0855,Female,19,Mumbai,Beauty,774,2025-02-17
O0856,C0856,Female,33,Pune,Fashion,6185,2025-03-12
O0857,C0857,Male,37,Delhi,Fashion,7401,2025-05-19
O0858,C0858,Male,22,Hyderabad,Home Decor,6046,2025-02-07
O0859,C0859,Female,32,Pune,Electronics,19035,2025-04-27
O0860,C0860,Female,41,Kolkata,Groceries,2831,2025-04-19
O0861,C0861,Male,31,Pune,Groceries,980,2025-05-23
O0862,C0862,Male,32,Pune,Groceries,1491,2025-12-05
O0863,C0863,Female,31,Bangalore,Electronics,12266,2025-09-25
O0864,C0864,Male,34,Chennai,Electronics,24532,2025-05-19
O0865,C0865,Male,19,Ahmedabad,Groceries,3780,2025-05-07
O0866,C0866,Female,52,Ahmedabad,Groceries,2985,2025-05-14
O0867,C0867,Male,60,Kolkata,Groceries,1964,2025-04-28
O0868,C0868,Male,20,Hyderabad,Beauty,3259,2025-01-03
O0869,C0869,Male,41,Mumbai,Fashion,1536,2025-08-16
O0870,C0870,Female,45,Pune,Beauty,3466,2025-08-06
O0871,C0871,Female,49,Bangalore,Electronics,9481,2025-06-28
O0872,C0872,Female,57,Hyderabad,Home Decor,11966,2025-08-22
O0873,C0873,Female,19,Hyderabad,Fashion,2940,2025-06-29
O0874,C0874,Male,48,Pune,Electronics,22694,2025-10-14
O0875,C0875,Female,30,Ahmedabad,Electronics,23873,2025-10-01
O0876,C0876,Male,35,Kolkata,Electronics,23622,2025-03-18
O0877,C0877,Female,23,Chennai,Electronics,19707,2025-08-01
O0878,C0878,Female,46,Chennai,Electronics,10642,2025-03-14
O0879,C0879,Male,60,Pune,Electronics,25174,2025-06-17
O0880,C0880,Male,19,Hyderabad,Electronics,26918,2025-01-09
O0881,C0881,Female,26,Hyderabad,Groceries,1321,2025-12-08
O0882,C0882,Male,57,Bangalore,Fashion,6636,2025-08-06
O0883,C0883,Female,18,Mumbai,Groceries,1473,2025-10-17
O0884,C0884,Male,41,Mumbai,Home Decor,5042,2025-05-14
O0885,C0885,Female,31,Chennai,Electronics,8155,2025-04-28
O0886,C0886,Female,36,Ahmedabad,Home Decor,5190,2025-06-14
O0887,C0887,Male,35,Pune,Electronics,27070,2025-12-13
O0888,C0888,Male,31,Hyderabad,Beauty,1631,2025-05-17
O0889,C0889,Male,43,Mumbai,Groceries,2060,2025-01-20
O0890,C0890,Female,42,Hyderabad,Home Decor,8468,2025-04-17
O0891,C0891,Male,37,Kolkata,Home Decor,6503,2025-07-06
O0892,C0892,Female,38,Ahmedabad,Beauty,2807,2025-07-29
O0893,C0893,Male,23,Ahmedabad,Home Decor,6536,2025-10-10
O0894,C0894,Female,29,Mumbai,Fashion,7650,2025-12-03
O0895,C0895,Female,59,Pune,Home Decor,6614,2025-01-21
O0896,C0896,Female,27,Kolkata,Home Decor,4323,2025-01-02
O0897,C0897,Female,23,Kolkata,Home Decor,5946,2025-04-07
O0898,C0898,Male,20,Mumbai,Beauty,2336,2025-07-04
O0899,C0899,Female,27,Ahmedabad,Electronics,12258,2025-02-22
O0900,C0900,Female,25,Kolkata,Fashion,1397,2025-07-10
O0901,C0901,Male,34,Delhi,Fashion,3853,2025-11-26
O0902,C0902,Male,25,Mumbai,Electronics,20130,2025-10-09
O0903,C0903,Male,44,Chennai,Groceries,3996,2025-03-27
O0904,C0904,Female,22,Kolkata,Groceries,2337,2025-01-27
O0905,C0905,Female,55,Kolkata,Home Decor,11143,2025-09-06
O0906,C0906,Male,28,Bangalore,Groceries,2185,2025-07-28
O0907,C0907,Male,20,Bangalore,Groceries,2875,2025-03-10
O0908,C0908,Male,38,Mumbai,Electronics,25106,2025-09-04
O0909,C0909,Male,48,Kolkata,Groceries,1279,2025-07-07
O0910,C0910,Female,57,Ahmedabad,Electronics,24651,2025-08-19
O0911,C0911,Female,37,Ahmedabad,Groceries,3889,2025-04-22
O0912,C0912,Female,51,Kolkata,Groceries,1003,2025-11-15
O0913,C0913,Male,19,Pune,Electronics,8878,2025-08-21
O0914,C0914,Female,42,Pune,Home Decor,8980,2025-01-09
O0915,C0915,Male,25,Pune,Home Decor,3292,2025-04-24
O0916,C0916,Male,41,Hyderabad,Electronics,15344,2025-04-28
O0917,C0917,Female,60,Bangalore,Groceries,747,2025-10-27
O0918,C0918,Male,34,Ahmedabad,Electronics,27639,2025-07-06
O0919,C0919,Male,40,Delhi,Beauty,2493,2025-10-17
O0920,C0920,Male,39,Kolkata,Fashion,2238,2025-01-26
O0921,C0921,Male,47,Hyderabad,Home Decor,5043,2025-05-10
O0922,C0922,Female,55,Chennai,Groceries,669,2025-08-13
O0923,C0923,Female,38,Kolkata,Electronics,9767,2025-08-08
O0924,C0924,Male,33,Chennai,Home Decor,9008,2025-07-14
O0925,C0925,Male,27,Bangalore,Fashion,6264,2025-08-07
O0926,C0926,Female,40,Pune,Beauty,2644,2025-06-12
O0927,C0927,Male,49,Ahmedabad,Groceries,2050,2025-11-27
O0928,C0928,Female,20,Bangalore,Beauty,2247,2025-06-18
O0929,C0929,Female,53,Hyderabad,Fashion,5195,2025-05-03
O0930,C0930,Female,36,Hyderabad,Beauty,4484,2025-07-13
O0931,C0931,Female,46,Pune,Groceries,1384,2025-12-24
O0932,C0932,Male,54,Kolkata,Fashion,2036,2025-10-17
O0933,C0933,Female,35,Mumbai,Electronics,19642,2025-06-24
O0934,C0934,Male,28,Kolkata,Electronics,21804,2025-08-12
O0935,C0935,Female,41,Kolkata,Home Decor,7464,2025-08-07
O0936,C0936,Female,47,Bangalore,Beauty,1621,2025-05-08
O0937,C0937,Female,30,Hyderabad,Electronics,16226,2025-06-12
O0938,C0938,Female,37,Ahmedabad,Fashion,4600,2025-08-19
O0939,C0939,Female,57,Kolkata,Groceries,1180,2025-04-01
O0940,C0940,Female,51,Pune,Home Decor,8325,2025-04-15
O0941,C0941,Male,32,Chennai,Fashion,1465,2025-08-09
O0942,C0942,Female,37,Pune,Home Decor,3429,2025-12-30
O0943,C0943,Female,21,Ahmedabad,Fashion,3645,2025-02-14
O0944,C0944,Male,51,Bangalore,Groceries,2467,2025-04-30
O0945,C0945,Female,39,Chennai,Fashion,3877,2025-10-18
O0946,C0946,Male,46,Pune,Fashion,3950,2025-11-10
O0947,C0947,Male,54,Pune,Electronics,12599,2025-03-12
O0948,C0948,Male,47,Hyderabad,Groceries,3826,2025-10-31
O0949,C0949,Male,58,Ahmedabad,Home Decor,3504,2025-08-07
O0950,C0950,Male,24,Pune,Fashion,3884,2025-06-01
O0951,C0951,Male,42,Kolkata,Beauty,2527,2025-06-18
O0952,C0952,Male,27,Hyderabad,Beauty,3185,2025-04-11
O0953,C0953,Male,32,Ahmedabad,Fashion,2110,2025-06-08
O0954,C0954,Female,30,Bangalore,Electronics,25215,2025-04-15
O0955,C0955,Female,58,Mumbai,Beauty,1032,2025-01-25
O0956,C0956,Male,47,Pune,Electronics,19574,2025-09-11
O0957,C0957,Female,46,Hyderabad,Electronics,26409,2025-02-21
O0958,C0958,Male,56,Bangalore,Fashion,3484,2025-10-29
O0959,C0959,Male,48,Chennai,Fashion,6894,2025-01-09
O0960,C0960,Female,44,Pune,Groceries,2105,2025-06-20
O0961,C0961,Male,49,Hyderabad,Beauty,4179,2025-08-02
O0962,C0962,Male,25,Pune,Home Decor,11892,2025-08-15
O0963,C0963,Female,49,Bangalore,Groceries,616,2025-08-26
O0964,C0964,Female,40,Pune,Beauty,717,2025-03-01
O0965,C0965,Male,51,Hyderabad,Beauty,2071,2025-08-26
O0966,C0966,Female,23,Kolkata,Home Decor,6363,2025-05-26
O0967,C0967,Male,23,Delhi,Fashion,2823,2025-10-24
O0968,C0968,Female,29,Bangalore,Home Decor,7324,2025-05-04
O0969,C0969,Male,55,Chennai,Beauty,989,2025-10-13
O0970,C0970,Female,39,Pune,Electronics,10267,2025-10-15
O0971,C0971,Female,20,Ahmedabad,Fashion,5920,2025-03-15
O0972,C0972,Male,34,Kolkata,Electronics,17817,2025-11-15
O0973,C0973,Female,59,Bangalore,Groceries,2959,2025-04-11
O0974,C0974,Female,54,Chennai,Fashion,1513,2025-02-27
O0975,C0975,Male,57,Chennai,Fashion,3737,2025-10-31
O0976,C0976,Male,22,Kolkata,Fashion,6568,2025-01-03
O0977,C0977,Female,42,Kolkata,Beauty,2367,2025-05-26
O0978,C0978,Male,45,Mumbai,Home Decor,8138,2025-06-27
O0979,C0979,Female,58,Chennai,Home Decor,5326,2025-05-04
O0980,C0980,Female,27,Pune,Home Decor,7522,2025-11-30
O0981,C0981,Male,20,Mumbai,Electronics,11974,2025-09-01
O0982,C0982,Male,54,Ahmedabad,Electronics,21603,2025-11-22
O0983,C0983,Male,41,Chennai,Groceries,1329,2025-10-16
O0984,C0984,Female,54,Kolkata,Fashion,4695,2025-01-19
O0985,C0985,Female,25,Ahmedabad,Groceries,2787,2025-08-19
O0986,C0986,Female,21,Delhi,Fashion,3857,2025-05-15
O0987,C0987,Male,25,Delhi,Groceries,1153,2025-07-27
O0988,C0988,Female,31,Mumbai,Groceries,2514,2025-04-23
O0989,C0989,Male,25,Delhi,Beauty,4691,2025-09-13
O0990,C0990,Female,40,Kolkata,Electronics,16947,2025-10-21
O0991,C0991,Male,54,Kolkata,Fashion,6854,2025-06-29
O0992,C0992,Female,20,Pune,Home Decor,8209,2025-09-01
O0993,C0993,Male,43,Chennai,Groceries,659,2025-08-01
O0994,C0994,Male,55,Kolkata,Fashion,5513,2025-06-23
O0995,C0995,Female,36,Hyderabad,Groceries,2328,2025-12-23
O0996,C0996,Male,21,Hyderabad,Electronics,29656,2025-12-30
O0997,C0997,Female,43,Mumbai,Groceries,3091,2025-01-31
O0998,C0998,Female,52,Bangalore,Fashion,4332,2025-01-01
O0999,C0999,Female,40,Hyderabad,Beauty,3742,2025-04-15
O1000,C1000,Female,18,Ahmedabad,Beauty,3866,2025-12-17
